"Indicator","Market","Destination","Units","2015-01","2015-02","2015-03","2015-04","2015-05","2015-06","2015-07","2015-08","2015-09","2015-10","2015-11","2015-12","2016-01","2016-02","2016-03","2016-04","2016-05","2016-06","2016-07","2016-08","2016-09","2016-10","2016-11","2016-12","2017-01","2017-02","2017-03","2017-04","2017-05","2017-06","2017-07","2017-08","2017-09","2017-10","2017-11","2017-12","2018-01","2018-02","2018-03","2018-04","2018-05","2018-06","2018-07","2018-08","2018-09","2018-10","2018-11","2018-12","2019-01","2019-02","2019-03","2019-04","2019-05","2019-06","2019-07","2019-08","2019-09","2019-10","2019-11","2019-12","2020-01","2020-02","2020-03","2020-04","2020-05","2020-06","2020-07","2020-08","2020-09","2020-10","2020-11","2020-12","2021-01","2021-02","2021-03","2021-04","2021-05","2021-06","2021-07","2021-08","2021-09","2021-10","2021-11","2021-12","2022-01","2022-02","2022-03","2022-04","2022-05","2022-06","2022-07","2022-08","2022-09","2022-10","2022-11","2022-12","2023-01","2023-02","2023-03","2023-04","2023-05","2023-06","2023-07","2023-08","2023-09","2023-10","2023-11","2023-12","2024-01","2024-02","2024-03","2024-04","2024-05","2024-06","2024-07","2024-08","2024-09","2024-10","2024-11","2024-12","2025-01","2025-02","2025-03","2025-04","2025-05","2025-06","2025-07","2025-08","2025-09","2025-10","2025-11","2025-12","2026-01","2026-02"
"Visitor arrivals","US Total","Hawaii Island","persons","86,804","78,661","95,219","82,927","82,021","101,570","104,234","86,179","62,583","76,342","75,303","100,360","92,659","83,190","93,364","81,791","81,864","106,505","106,945","85,402","68,815","80,609","79,750","110,416","96,844","92,337","105,684","96,899","94,064","117,698","122,932","95,705","76,039","83,096","92,295","118,673","104,802","102,167","118,174","104,560","93,603","113,657","110,943","90,691","67,041","77,002","88,476","112,599","97,737","95,862","116,300","95,171","102,665","126,113","127,203","110,598","71,053","86,957","94,187","127,323","112,308","108,398","59,793","657","1,242","2,459","3,351","3,438","3,307","10,262","27,223","46,716","32,903","45,566","81,092","80,290","100,392","133,733","145,324","116,110","77,323","90,387","102,830","131,207","100,914","100,935","125,270","124,575","123,136","142,079","147,582","123,175","97,975","117,361","104,850","129,904","122,181","114,347","134,725","117,782","118,139","141,318","142,307","123,096","104,006","110,092","106,836","136,702","115,265","110,701","130,180","112,037","114,546","136,034","135,855","115,331","93,830","105,184","108,716","139,044","123,930","116,397","130,358","115,649","110,295","135,044","131,315","111,737","99,354","115,127","102,042","141,129","124,087","124,237"
"Visitor arrivals","Japan","Hawaii Island","persons","11,397","10,816","11,830","8,617","9,619","12,867","13,877","13,513","13,234","12,297","11,842","10,726","10,718","10,755","13,021","9,246","10,297","11,030","10,776","17,531","13,924","12,678","11,169","11,860","13,464","12,528","16,288","11,428","11,875","15,196","15,423","20,591","17,358","17,312","16,409","16,036","15,619","19,038","21,329","15,695","12,387","13,745","12,175","16,336","12,104","12,766","12,343","12,963","11,800","12,275","11,989","10,558","14,228","14,240","15,465","16,003","16,857","16,165","14,939","16,167","15,503","14,083","5,751","0","1","9","6","2","1","6","62","29","29","18","33","28","46","50","71","91","53","62","213","307","160","106","377","652","654","669","1,125","2,533","2,828","1,714","1,792","2,899","1,793","1,983","2,684","2,272","2,371","2,711","4,372","9,307","5,221","3,665","4,091","4,288","3,246","3,453","5,176","3,221","2,608","3,527","4,195","7,224","4,178","2,979","2,661","3,899","3,316","2,341","4,211","3,760","3,077","3,628","2,969","7,041","4,816","4,479","2,855","3,461","2,769","3,218"
"Visitor arrivals","Canada","Hawaii Island","persons","14,964","13,627","15,991","8,488","4,772","4,126","5,960","6,240","4,357","6,000","7,347","11,639","12,331","12,323","11,721","7,498","3,328","2,875","4,942","4,766","3,965","4,732","8,408","12,399","14,123","13,350","13,600","9,617","4,242","3,108","5,694","5,903","4,402","5,792","9,978","13,782","13,090","11,914","12,304","8,674","4,492","2,150","6,851","5,094","2,930","4,671","8,312","12,971","14,420","12,423","13,718","9,009","3,427","3,078","5,041","4,606","3,895","6,001","9,050","13,044","14,662","13,617","7,794","2","1","7","20","32","80","105","149","264","488","88","60","115","117","140","438","571","642","1,131","3,618","5,545","4,412","4,755","8,741","6,028","3,848","2,283","4,214","4,446","2,791","5,584","9,016","11,467","10,633","10,110","12,068","7,390","3,692","3,048","6,023","4,885","3,305","4,904","11,514","10,642","10,709","9,449","11,326","7,498","2,372","2,645","3,596","3,990","2,268","4,084","9,376","10,366","10,291","9,527","9,742","6,646","2,461","1,778","3,159","3,933","3,449","3,907","6,824","8,552","10,754","9,007"
"Visitor arrivals","Europe","Hawaii Island","persons","2,558","4,072","3,649","3,481","3,771","3,143","5,401","6,767","4,793","5,783","2,871","3,466","2,495","2,246","2,879","4,752","3,357","2,932","5,836","6,754","5,718","5,245","2,627","3,640","3,683","3,084","3,563","4,901","4,068","3,397","6,146","6,779","4,968","5,944","2,920","3,745","2,731","3,214","2,888","4,294","3,952","3,154","5,903","6,456","4,315","6,444","2,830","2,717","2,569","2,348","2,224","2,901","2,775","3,428","5,260","5,613","4,843","5,716","2,833","3,098","2,046","2,896","1,464","1","3","10","15","4","23","24","64","86","87","74","123","133","185","205","252","358","246","313","976","1,588","1,291","2,101","1,679","2,652","3,188","2,324","5,596","5,837","5,444","5,261","2,001","2,102","1,527","1,516","1,950","2,976","2,753","2,755","5,065","5,475","4,173","4,264","1,974","2,238","1,715","1,702","1,920","3,565","2,633","1,889","4,177","4,390","3,044","5,285","2,052","2,595","2,458","1,718","2,077","3,199","2,883","2,222","4,245","5,359","6,359","6,199","1,474","2,712","2,335","2,581"
"Visitor arrivals","Oceania","Hawaii Island","persons","5,283","2,856","3,570","4,353","5,523","5,764","4,686","5,009","6,003","5,671","4,366","5,608","3,993","2,224","2,981","5,165","4,460","5,491","5,146","4,445","6,846","6,433","3,716","5,866","4,664","3,471","4,244","5,478","6,079","6,167","5,554","6,761","7,110","5,617","4,410","6,356","4,263","2,947","3,096","5,638","5,264","4,253","5,101","3,886","4,929","4,594","3,177","4,422","3,014","1,670","2,665","3,738","4,289","4,271","4,471","5,001","6,758","4,375","2,982","4,179","3,530","2,016","768","2","1","7","5","6","20","6","5","12","12","9","37","35","34","67","66","61","56","45","79","172","383","374","1,025","1,096","1,391","1,453","1,798","1,896","1,974","2,458","2,021","2,929","2,115","682","1,419","1,331","2,603","2,186","2,302","1,872","3,906","3,669","2,046","1,708","1,211","882","1,089","911","1,834","1,869","2,021","3,533","3,068","3,067","2,328","2,434","2,048","1,214","1,838","1,586","1,135","1,256","2,062","1,066","3,548","4,525","1,199","1,581","3,378","860"
"Visitor arrivals","Australia","Hawaii Island","persons","4,934","2,348","2,970","3,500","4,774","4,674","3,874","4,559","5,194","4,733","3,869","4,586","3,720","2,017","2,539","4,718","3,899","4,741","4,109","3,609","5,867","5,579","3,234","4,843","4,122","2,943","3,626","4,729","5,411","5,167","4,113","5,523","6,005","5,009","3,905","5,746","3,691","2,667","2,581","4,698","4,390","3,501","3,690","3,341","4,034","4,002","2,657","3,922","2,749","1,468","2,414","2,544","3,525","3,451","3,174","4,067","5,252","3,643","2,627","3,717","2,887","1,693","613","0","0","2","1","4","8","2","1","5","5","4","4","6","11","10","15","16","20","16","48","100","355","338","979","1,037","1,252","1,386","1,376","1,572","1,685","1,854","1,557","2,361","1,500","583","1,151","861","2,229","1,762","1,777","1,315","3,197","3,071","1,735","1,452","987","733","829","480","1,617","1,504","1,477","2,898","2,689","2,674","2,066","1,723","1,531","908","1,209","1,221","969","1,116","1,741","826","3,029","4,004","1,189","1,473","3,102","727"
"Visitor arrivals","New Zealand","Hawaii Island","persons","349","508","600","853","749","1,090","812","450","809","938","497","1,022","273","206","442","447","561","749","1,037","837","979","854","481","1,023","542","528","618","749","668","1,000","1,440","1,238","1,106","608","506","610","571","280","515","940","873","752","1,411","546","895","592","520","500","265","202","251","1,193","764","820","1,297","935","1,505","732","355","461","643","322","154","2","1","4","3","2","12","4","4","6","7","5","33","29","22","56","51","45","36","29","32","72","28","36","46","59","140","68","422","323","289","604","463","568","614","99","268","470","374","424","524","558","709","598","311","256","224","149","260","431","216","365","544","635","379","394","262","711","517","305","629","365","165","140","321","240","519","521","9","109","276","133"
"Visitor arrivals","Other Asia","Hawaii Island","persons","4,664","9,396","4,201","4,749","5,842","5,928","6,852","6,748","6,081","3,861","3,858","6,030","8,582","9,067","4,063","4,387","4,949","6,358","7,821","8,576","6,516","6,152","3,213","5,333","13,527","5,846","3,628","5,792","6,420","5,109","9,362","8,133","6,347","9,379","6,069","8,800","8,991","13,278","5,279","6,141","5,710","4,608","5,169","6,308","4,100","3,933","3,641","5,170","10,245","8,699","4,007","3,643","5,279","5,054","6,541","6,887","4,668","3,405","3,659","5,679","10,313","3,631","565","4","5","10","8","20","36","25","73","161","86","48","75","98","344","297","247","357","372","194","584","1,516","674","409","1,017","1,065","2,076","1,562","2,127","2,879","2,548","2,160","1,743","3,637","5,107","2,932","1,977","1,682","2,756","2,639","4,602","3,822","4,453","3,265","2,975","4,161","6,635","6,276","2,514","3,119","3,270","3,002","5,659","4,634","5,511","3,801","2,874","4,310","8,232","3,667","3,217","3,616","4,172","3,903","5,031","5,171","4,361","4,443","3,233","3,896","6,234","4,724"
"Visitor arrivals","China","Hawaii Island","persons","2,647","7,426","3,002","3,104","3,801","3,976","4,579","4,509","4,540","1,844","2,294","3,583","5,178","5,504","2,416","3,421","3,684","4,519","4,920","4,284","3,597","4,042","1,791","3,285","8,680","3,461","2,440","4,655","4,274","2,588","5,605","3,967","4,827","3,923","2,244","4,172","3,616","8,973","2,629","3,908","3,468","2,252","3,145","3,811","2,518","2,121","1,741","2,784","4,505","5,188","2,113","2,414","2,530","2,682","3,833","3,506","1,995","1,364","1,551","2,763","4,897","1,086","207","1","1","6","1","7","6","23","56","123","22","23","24","30","259","140","108","189","77","63","240","804","259","83","443","236","358","414","335","408","228","200","209","976","744","151","486","174","674","625","1,523","1,095","1,787","711","824","1,276","2,110","2,237","1,115","955","1,259","844","2,480","1,886","2,147","1,448","788","1,789","3,765","1,332","1,231","1,663","1,776","1,359","2,315","1,777","2,026","1,569","1,048","1,688","2,238","1,273"
"Visitor arrivals","Korea","Hawaii Island","persons","1,582","1,444","792","1,108","1,424","1,098","1,473","1,460","786","1,574","805","1,893","3,014","2,426","1,329","831","785","1,248","2,189","2,932","2,310","1,523","829","1,258","3,962","1,847","950","891","1,626","2,121","2,774","3,148","1,326","4,837","2,660","3,470","4,783","3,458","1,969","1,562","1,718","1,804","1,453","1,801","1,228","1,302","1,583","1,617","5,134","2,943","1,409","897","1,569","1,651","1,686","2,722","2,129","1,425","1,591","2,115","4,322","2,234","298","1","1","0","1","12","29","2","5","17","50","15","23","45","28","73","48","81","72","70","239","471","351","190","445","695","1,465","1,004","1,522","2,222","2,185","1,703","1,233","2,228","3,937","2,657","1,265","1,157","1,954","1,765","2,654","2,311","2,421","2,401","1,916","2,427","4,115","3,679","1,278","1,778","1,788","1,665","2,791","2,092","2,932","1,771","1,676","1,915","3,805","2,167","1,846","1,696","1,965","2,083","2,052","3,020","1,853","2,453","2,044","2,083","3,559","3,020"
"Visitor arrivals","Taiwan","Hawaii Island","persons","291","217","293","419","462","677","623","548","637","285","727","304","232","1,032","260","20","352","519","502","1,236","385","394","545","530","687","386","107","174","404","183","589","756","20","548","900","451","","","","","","","","","","","","","447","358","430","204","1,014","602","905","451","418","488","253","430","963","196","36","0","0","1","3","1","0","0","4","4","2","1","2","1","31","20","17","26","196","9","56","90","14","21","17","31","56","44","71","96","51","107","107","68","343","87","76","216","39","145","222","276","154","126","175","35","318","311","23","92","121","282","199","411","315","404","194","367","607","134","35","172","355","296","519","240","326","254","133","35","276","171"
"Visitor arrivals","Latin America","Hawaii Island","persons","573","465","585","519","584","473","889","532","480","557","287","761","531","329","436","417","443","470","837","378","575","684","278","782","597","285","319","585","653","362","814","400","488","668","309","861","565","604","708","537","462","331","694","310","361","582","288","621","403","214","216","708","521","266","738","429","389","819","358","543","363","279","107","4","4","10","80","17","32","21","38","95","39","43","68","80","124","186","291","188","152","178","177","272","278","334","197","444","469","298","495","365","524","584","269","458","406","294","285","598","415","485","818","647","556","486","415","755","397","277","441","446","522","305","814","927","456","750","356","813","572","482","287","1,024","517","329","740","895","895","488","25","303","210","1,211"
"Visitor arrivals","Alabama","Hawaii Island","persons","273","163","374","259","448","441","365","231","269","322","233","345","345","243","316","356","547","564","507","226","422","352","271","381","310","276","407","317","607","681","491","291","368","340","247","405","311","383","374","380","619","616","510","252","236","333","275","399","293","294","513","367","559","613","515","425","257","356","249","414","338","340","174","2","6","8","26","6","4","10","62","107","59","67","214","145","411","447","431","289","236","312","217","454","320","237","462","303","734","542","539","377","424","431","386","502","399","367","524","403","674","724","741","413","491","417","415","530","382","279","512","431","844","753","554","428","473","382","386","572","425","391","551","372","683","645","556","336","329","1,167","237","302","340","526"
"Visitor arrivals","Alaska","Hawaii Island","persons","3,115","2,339","2,763","1,223","1,071","621","572","501","559","1,306","2,540","3,232","3,236","2,391","2,724","1,484","1,055","843","678","671","576","1,137","2,166","3,642","2,942","2,416","2,969","1,243","939","673","697","669","539","1,208","2,174","3,436","3,198","2,639","3,045","1,136","1,093","599","517","528","546","1,231","2,996","3,944","3,580","3,109","3,467","1,214","1,134","666","627","621","592","1,310","2,692","3,635","4,129","3,209","2,029","9","21","46","59","61","65","321","719","1,493","1,945","2,405","2,792","1,511","1,403","804","543","499","615","1,745","2,360","3,260","3,458","2,713","3,076","1,325","1,174","637","644","636","647","1,551","2,167","3,120","5,732","4,712","4,197","1,251","1,230","792","815","612","898","1,786","2,562","3,642","4,979","4,579","3,883","1,603","1,142","775","674","590","959","1,969","2,496","3,588","5,856","5,174","3,892","1,568","1,257","806","709","813","0","960","1,265","4,406","9,515","4,206"
"Visitor arrivals","Arizona","Hawaii Island","persons","1,954","1,656","2,663","2,161","3,491","3,553","3,163","2,038","2,330","3,024","2,031","2,284","2,209","2,110","2,718","2,256","3,440","3,461","3,339","1,937","2,559","3,083","1,927","2,462","2,333","2,197","3,135","2,286","3,524","3,705","3,744","2,082","2,712","3,062","2,367","2,910","2,581","2,122","3,341","2,370","3,524","3,968","3,462","2,042","2,178","2,830","1,979","2,582","2,413","2,501","3,701","2,120","3,994","4,580","4,006","2,535","2,678","3,816","2,468","3,209","3,333","2,677","2,934","20","51","113","102","102","102","401","875","1,294","892","1,147","3,027","2,350","4,869","4,873","4,837","3,210","3,319","4,279","3,221","3,851","3,129","3,272","4,502","3,316","5,638","4,716","4,802","3,304","4,080","5,018","2,763","3,518","3,570","3,017","4,630","3,306","5,153","5,056","4,566","3,607","4,639","4,905","3,168","3,625","3,714","3,513","4,541","3,742","5,118","5,246","4,995","3,516","4,066","4,544","3,217","3,957","3,843","3,113","3,883","2,697","4,074","3,569","4,173","3,192","2,817","5,171","1,036","1,524","1,761","2,964"
"Visitor arrivals","Arkansas","Hawaii Island","persons","237","178","213","215","309","376","339","198","222","166","195","274","338","165","250","262","306","422","373","144","276","307","152","235","282","231","322","179","405","391","408","180","185","222","190","302","229","297","328","207","308","471","378","147","194","199","210","215","288","199","484","218","347","531","346","335","221","204","221","210","246","249","111","0","3","8","7","17","12","26","31","112","99","75","236","108","345","435","399","192","144","290","249","326","209","206","366","226","405","457","447","296","301","345","305","303","508","327","453","313","441","473","454","298","424","298","267","309","355","258","395","295","464","522","474","298","281","307","249","332","309","324","451","334","426","544","500","284","60","460","179","610","0","202"
"Visitor arrivals","California","Hawaii Island","persons","20,534","19,317","25,691","27,495","26,863","36,466","40,316","35,585","23,618","24,542","26,212","31,993","21,556","20,741","26,795","26,186","26,859","38,908","43,353","34,379","23,558","26,879","27,072","35,388","23,048","22,310","28,053","31,415","28,377","40,366","44,005","35,268","26,091","25,519","29,612","36,788","25,545","24,662","32,359","33,921","29,120","38,285","42,799","33,367","23,747","24,396","31,609","36,663","25,617","25,167","32,663","35,498","33,383","48,685","51,417","40,933","26,570","28,484","34,811","41,539","30,357","29,856","15,076","277","486","863","1,174","1,397","1,144","4,038","11,641","16,057","8,926","12,464","23,970","30,650","34,318","52,667","60,861","44,522","29,936","32,160","38,901","44,649","27,214","30,034","39,217","50,913","42,024","54,996","62,283","48,145","35,429","38,713","38,569","42,802","30,812","30,085","37,218","42,741","37,223","51,316","54,893","46,082","36,968","35,651","37,535","44,758","30,077","28,815","36,560","37,424","34,932","49,215","53,530","43,053","32,872","32,747","37,966","44,614","29,008","28,629","35,119","41,658","33,930","50,659","50,328","40,121","42,185","35,387","44,080","47,372","30,024","29,992"
"Visitor arrivals","Colorado","Hawaii Island","persons","2,821","2,505","3,919","2,687","2,787","3,141","2,661","1,897","2,001","3,145","2,553","3,109","2,807","2,604","3,555","2,738","2,867","3,237","2,887","1,858","2,091","3,308","2,635","3,670","3,461","2,997","4,396","2,645","3,631","3,688","3,635","1,961","2,142","3,295","2,994","4,039","3,901","3,324","4,461","3,397","4,345","3,919","3,400","2,201","2,151","3,313","3,277","3,770","3,358","2,817","5,002","2,608","4,089","4,017","3,878","2,341","2,203","3,803","3,594","4,397","3,799","3,325","2,504","14","43","78","110","109","129","411","982","1,843","1,360","1,802","4,322","2,859","4,537","5,076","5,184","3,377","2,649","4,032","4,137","4,888","4,157","4,125","6,359","3,591","4,965","5,185","4,711","3,907","3,551","5,645","4,013","4,850","4,368","4,216","6,487","3,666","4,592","4,797","4,401","2,864","3,150","4,343","3,830","4,703","4,118","3,815","5,596","3,696","4,738","4,265","4,267","2,902","2,929","4,320","4,424","5,150","4,772","4,128","6,094","3,553","4,877","5,272","4,593","3,268","1,409","1,921","7,189","2,684","2,750","4,070"
"Visitor arrivals","Connecticut","Hawaii Island","persons","462","521","542","626","386","554","708","721","334","396","289","587","556","454","490","748","525","608","720","739","437","499","362","604","685","499","651","542","576","646","856","662","366","534","422","581","518","589","604","677","453","456","802","639","318","372","354","602","509","537","533","690","398","573","836","826","306","461","321","602","478","444","279","0","3","8","11","16","25","45","118","229","133","170","262","327","409","707","852","947","455","367","429","633","454","528","535","768","547","680","776","893","378","476","437","580","493","572","538","740","483","656","749","808","378","493","436","523","489","479","517","721","485","649","705","919","373","523","446","674","568","499","573","673","390","649","789","864","389","637","808","1,731","770","529"
"Visitor arrivals","Delaware","Hawaii Island","persons","138","130","86","109","123","161","123","103","94","138","63","158","115","81","110","100","100","126","107","111","96","114","117","104","164","107","116","143","115","145","165","160","130","115","125","117","153","141","135","126","107","133","148","125","103","101","120","99","160","157","115","140","102","141","135","151","97","137","93","165","153","112","64","0","1","3","6","1","6","1","33","40","31","27","54","43","92","127","185","109","78","85","106","113","145","95","107","146","114","183","130","174","133","177","148","138","188","119","130","188","93","167","154","148","158","122","120","122","173","92","157","127","122","176","101","124","99","161","162","115","153","125","116","163","99","157","125","122","0","212","44","71","0","233"
"Visitor arrivals","Florida","Hawaii Island","persons","1,601","1,371","1,923","2,190","2,505","3,758","3,185","2,200","1,928","2,096","1,541","1,991","1,859","1,539","1,695","2,606","2,751","3,797","3,391","2,101","2,354","2,334","1,760","2,253","2,058","1,812","2,329","2,346","3,720","4,384","3,922","2,420","2,219","2,436","1,939","2,548","2,030","2,540","2,580","2,573","3,299","3,654","3,407","2,184","2,070","2,175","1,876","2,196","1,942","1,728","2,376","2,305","3,485","4,236","3,719","2,833","2,233","2,333","1,986","2,839","2,241","2,053","1,418","15","28","77","74","110","113","175","543","1,015","598","642","1,643","1,464","2,813","3,968","4,522","2,802","2,328","2,130","2,368","2,799","2,189","1,918","2,734","2,622","4,136","5,088","4,420","3,096","3,007","3,430","2,489","2,931","2,736","2,409","3,485","3,039","4,251","4,949","4,794","3,234","3,143","3,068","2,570","3,011","2,637","2,284","3,116","3,256","4,363","4,576","4,298","2,836","3,001","2,666","2,594","3,106","2,890","2,529","3,556","2,952","4,042","4,667","4,157","2,944","3,022","2,193","2,227","3,292","1,988","2,770"
"Visitor arrivals","Georgia","Hawaii Island","persons","748","707","946","1,109","1,584","1,738","1,543","668","1,016","993","760","1,294","994","914","926","1,427","1,479","1,856","1,656","766","1,285","1,299","1,006","1,461","1,062","1,028","1,219","1,280","1,893","2,061","1,831","889","1,332","1,196","1,069","1,489","1,119","1,489","1,361","1,138","1,918","1,891","1,478","867","1,138","1,021","963","1,453","843","885","1,360","1,065","1,756","1,965","1,549","1,299","1,242","1,142","914","1,596","905","1,089","631","6","9","37","50","18","51","119","217","397","203","355","491","802","1,531","1,921","2,130","994","1,182","980","1,036","1,605","991","1,091","1,199","1,526","2,149","2,108","1,921","1,137","1,723","1,514","1,178","2,072","1,262","1,163","1,380","1,570","2,360","2,597","2,176","1,265","1,703","1,522","1,121","1,868","1,183","1,337","1,433","1,441","2,110","2,300","1,917","1,240","1,489","1,301","1,284","2,005","1,273","1,426","1,409","1,529","2,232","2,098","1,732","1,245","1,406","1,627","311","1,953","1,682","1,505"
"Visitor arrivals","Idaho","Hawaii Island","persons","1,136","1,093","1,500","586","737","735","485","536","505","682","940","1,003","1,172","1,043","1,298","669","875","916","594","572","474","748","1,018","991","1,335","1,075","1,540","800","845","1,053","615","570","593","799","1,192","1,137","1,410","1,308","1,434","1,009","956","1,019","558","548","540","867","1,160","1,145","1,689","1,252","1,771","886","1,100","1,054","754","716","687","852","1,313","1,341","1,710","1,494","726","3","8","34","25","35","36","107","427","634","654","850","1,766","1,016","1,081","1,289","1,080","862","577","898","1,322","1,281","1,627","1,247","2,057","1,170","1,236","1,268","947","928","1,034","1,302","1,524","1,471","2,086","1,686","2,255","1,255","1,471","1,296","1,036","1,096","1,157","1,577","1,728","1,733","2,180","1,784","2,194","1,581","1,439","1,291","1,143","890","1,000","1,471","1,871","1,603","2,260","1,905","2,444","1,582","1,664","1,312","1,135","859","1,557","1,625","1,038","1,312","1,421","2,057"
"Visitor arrivals","Illinois","Hawaii Island","persons","3,097","2,658","2,700","1,913","2,055","2,675","2,469","1,660","1,580","2,031","1,907","3,468","2,812","2,432","2,766","1,919","1,901","2,602","2,773","1,685","1,753","1,797","1,795","3,606","3,137","2,696","2,934","1,674","2,228","2,751","3,144","1,901","1,877","2,083","1,892","4,105","3,357","2,751","3,545","1,929","2,257","2,511","2,803","1,626","1,359","1,744","1,776","3,624","2,701","2,510","3,383","1,692","2,350","2,850","2,855","2,604","1,533","1,848","1,996","3,946","3,003","2,763","1,152","17","20","35","37","46","50","186","436","1,301","838","926","2,691","1,148","2,129","2,986","3,361","2,510","1,654","1,987","2,105","4,589","3,015","2,917","3,537","2,366","2,684","3,660","3,399","2,216","2,076","2,605","2,413","4,122","3,226","2,805","3,385","2,175","2,557","3,301","3,444","2,302","2,189","2,232","2,261","4,169","3,327","2,634","3,391","2,122","2,764","3,336","3,011","2,215","2,008","2,138","2,333","4,027","3,570","3,068","3,176","1,719","2,303","2,867","2,910","2,164","1,586","1,486","2,835","3,292","2,946","3,709"
"Visitor arrivals","Indiana","Hawaii Island","persons","867","784","910","749","716","975","767","377","578","785","555","831","1,050","636","875","628","775","886","790","424","721","856","533","928","818","868","1,059","533","858","1,203","895","433","701","1,053","578","1,009","1,005","896","1,168","694","839","1,295","1,024","544","527","960","558","950","821","758","1,255","539","925","1,286","881","580","607","971","581","1,035","1,090","902","497","3","12","4","32","32","11","58","118","325","225","238","648","491","651","1,067","1,078","499","537","807","684","1,040","931","811","1,031","790","1,006","1,465","1,018","668","785","1,143","711","1,224","1,197","1,222","1,365","836","1,005","1,405","1,294","756","915","1,109","873","1,327","1,068","1,134","1,330","906","1,152","1,318","1,035","762","788","1,381","740","1,243","1,244","1,259","1,274","953","1,083","1,161","1,087","767","479","991","422","1,166","1,794","1,550"
"Visitor arrivals","Iowa","Hawaii Island","persons","1,289","689","776","322","304","477","399","242","216","357","308","526","1,024","859","675","310","360","379","327","261","341","302","356","496","1,039","877","824","344","410","593","610","322","365","331","364","748","1,107","1,086","902","365","358","550","493","340","257","367","429","560","1,108","874","888","290","429","434","520","422","258","325","368","582","1,109","1,028","604","1","1","2","17","11","11","36","75","170","215","212","339","238","363","544","609","437","269","386","371","684","923","753","780","418","408","570","702","423","402","618","491","600","1,002","1,105","1,047","378","389","673","550","388","450","497","432","711","1,148","1,030","1,070","504","483","637","566","387","474","454","583","663","1,344","948","1,122","502","488","724","589","442","239","283","512","517","445","1,310"
"Visitor arrivals","Kansas","Hawaii Island","persons","643","418","587","353","419","518","525","196","305","396","322","509","662","422","498","259","456","454","429","329","277","376","389","502","605","481","582","275","604","580","676","268","319","385","367","567","609","476","676","350","670","568","594","387","298","374","379","467","540","463","689","311","614","629","677","423","376","407","386","651","615","660","496","4","4","3","6","6","19","35","46","133","156","148","410","246","562","560","793","470","354","386","442","574","655","477","890","407","650","725","720","441","523","680","574","580","771","669","697","452","711","707","786","535","585","457","608","734","632","626","781","509","763","723","731","409","454","576","578","648","728","847","857","421","774","706","745","455","150","283","971","1,126","885","923"
"Visitor arrivals","Kentucky","Hawaii Island","persons","409","295","354","316","344","482","417","276","353","324","179","356","441","366","241","325","391","536","504","236","340","405","258","378","455","396","398","374","494","757","526","251","433","363","292","406","394","363","410","413","520","667","503","314","338","366","262","388","436","389","446","317","400","652","502","450","312","392","256","400","438","429","175","2","6","5","16","11","12","26","50","145","85","135","197","223","427","673","547","270","310","363","339","468","405","360","421","427","603","836","647","361","442","551","391","474","444","516","477","595","659","818","637","330","607","524","342","380","537","420","510","502","631","830","675","392","497","570","351","506","518","542","536","535","516","830","691","315","359","637","217","164","504","550"
"Visitor arrivals","Louisiana","Hawaii Island","persons","215","230","255","448","575","572","538","267","331","299","262","322","246","235","189","269","539","498","447","243","289","288","261","269","220","345","278","299","548","557","609","257","321","321","319","277","268","410","356","341","513","522","464","307","291","325","261","208","218","190","322","319","650","682","612","575","292","315","226","318","238","361","156","2","3","10","18","14","23","30","49","167","63","97","174","164","420","561","613","193","238","217","291","391","228","233","263","314","590","624","518","314","300","478","336","349","244","303","332","507","713","778","671","320","343","343","389","371","282","376","329","432","686","687","652","336","342","424","278","356","288","293","351","336","540","607","546","302","239","106","117","543","413","308"
"Visitor arrivals","Maine","Hawaii Island","persons","204","230","180","144","100","135","138","80","124","150","117","172","210","235","207","168","115","149","93","81","130","159","166","196","242","279","171","221","105","144","128","120","115","154","141","183","213","292","265","275","136","109","127","115","94","145","117","168","237","241","202","194","149","150","147","122","111","132","181","247","250","257","160","1","1","1","7","6","11","9","29","40","61","71","78","137","110","144","125","152","103","138","154","234","243","330","243","316","196","217","166","162","187","201","228","264","343","391","290","265","192","147","151","134","158","174","193","151","254","334","224","283","174","207","104","149","152","158","137","209","304","321","257","335","126","202","114","124","60","248","402","188","297","628"
"Visitor arrivals","Maryland","Hawaii Island","persons","871","736","823","827","821","1,159","1,325","1,208","618","813","676","1,151","902","790","921","705","872","1,210","1,281","1,161","801","978","664","1,132","1,068","772","716","1,075","1,020","1,470","1,568","1,392","860","1,048","796","1,133","1,243","1,034","1,108","962","899","1,321","1,604","1,479","652","830","765","1,018","990","706","894","890","903","1,395","1,466","1,729","692","876","751","1,471","1,028","920","420","3","5","21","28","22","28","49","109","287","182","197","414","335","648","1,186","1,590","1,601","647","744","772","1,293","887","823","918","1,181","1,025","1,546","1,518","1,956","1,007","1,067","789","1,392","1,234","959","1,162","1,011","998","1,438","1,588","1,749","951","900","809","1,199","1,141","846","1,125","878","956","1,465","1,415","1,529","971","841","852","1,212","1,111","953","874","1,120","914","1,472","1,555","1,736","389","283","665","1,219","1,232","1,062"
"Visitor arrivals","Massachusetts","Hawaii Island","persons","1,086","1,420","1,106","1,012","894","1,109","1,268","1,424","752","897","707","1,432","1,161","1,445","1,218","1,205","1,041","1,134","1,321","1,435","915","938","812","1,386","1,438","1,594","1,249","1,265","1,063","1,394","1,658","1,794","908","1,275","1,030","1,742","1,343","1,814","1,414","1,735","952","1,055","1,491","1,505","752","841","776","1,363","1,096","1,515","1,164","1,430","1,122","1,359","1,467","1,899","855","941","952","2,094","1,411","1,619","820","2","7","24","33","40","64","123","181","703","332","576","569","1,068","1,148","1,470","1,887","2,596","1,005","1,136","1,109","1,996","1,350","1,552","1,451","1,772","1,501","1,554","1,741","2,180","1,184","1,606","1,103","1,902","1,659","1,846","1,509","1,677","1,159","1,582","1,780","1,883","1,149","1,075","946","1,670","1,208","1,583","1,220","1,691","1,373","1,502","1,324","1,870","954","1,182","1,046","2,232","1,702","1,725","1,649","1,748","1,232","1,686","1,401","1,825","718","743","896","1,822","1,806","1,987"
"Visitor arrivals","Michigan","Hawaii Island","persons","1,644","1,900","1,531","1,405","1,092","1,166","979","955","680","1,068","859","1,814","1,694","2,038","1,523","1,323","1,042","1,220","1,035","958","1,062","1,157","992","2,001","1,866","2,377","2,052","1,434","1,282","1,301","1,150","1,237","944","1,261","1,153","2,051","2,110","2,619","2,389","1,400","1,244","1,247","1,301","1,182","935","1,297","961","1,889","1,705","2,007","2,306","993","1,691","1,236","1,258","1,503","887","1,196","1,164","2,253","2,143","2,372","883","11","8","15","63","26","50","89","208","628","496","622","1,142","868","1,147","1,423","1,336","1,333","1,124","1,053","1,232","2,078","1,808","2,061","2,071","1,320","1,573","1,643","1,371","1,379","1,416","1,618","1,398","2,375","2,253","2,479","2,674","1,570","1,395","1,650","1,408","1,464","1,441","1,558","1,313","2,133","2,014","2,428","2,411","1,532","1,677","1,632","1,278","1,328","1,285","1,528","1,495","2,505","2,388","2,748","2,852","2,135","1,619","1,242","1,320","1,386","1,137","1,698","1,042","2,534","2,407","3,484"
"Visitor arrivals","Minnesota","Hawaii Island","persons","2,864","2,636","2,707","886","768","993","827","672","589","899","1,063","1,846","3,739","3,066","3,451","1,040","844","1,042","786","740","747","1,061","1,125","1,745","3,308","3,286","3,190","1,258","1,023","1,149","871","872","739","1,129","1,379","2,176","3,497","3,218","4,091","1,243","966","995","903","970","757","1,003","1,136","2,003","3,814","3,253","3,711","1,157","1,075","1,130","1,053","1,224","700","1,120","1,088","2,215","3,780","3,454","2,213","4","12","22","30","33","46","90","254","571","830","901","1,965","901","961","1,312","1,218","1,499","700","1,244","1,366","2,293","3,831","2,927","3,983","1,409","1,218","1,315","1,104","1,325","1,076","1,440","1,352","2,137","4,127","3,394","3,829","1,477","1,178","1,229","896","1,167","943","1,407","1,499","2,152","3,767","3,586","3,861","1,512","986","1,177","943","1,133","856","1,375","1,458","2,203","4,683","3,683","4,420","1,657","1,324","1,008","915","1,073","778","991","390","1,888","3,763","4,609"
"Visitor arrivals","Mississippi","Hawaii Island","persons","113","87","111","121","205","200","192","79","99","119","109","126","167","105","146","161","265","285","254","100","164","113","109","114","119","94","147","120","263","347","219","120","148","123","140","154","90","159","214","104","216","299","257","88","107","122","103","105","125","154","171","166","223","253","218","195","130","157","79","104","127","169","150","0","4","3","33","0","6","17","35","33","33","44","116","52","146","204","215","83","93","87","93","133","164","103","141","125","242","252","235","166","162","201","179","205","245","148","223","109","313","398","229","124","163","166","146","133","169","180","219","179","234","270","221","171","187","135","151","203","175","152","329","119","224","295","199","159","60","0","112","0","182","326"
"Visitor arrivals","Missouri","Hawaii Island","persons","1,167","713","938","602","946","1,010","1,071","501","635","714","525","889","1,068","761","874","713","1,027","952","971","595","806","726","675","889","1,203","944","1,046","587","1,286","1,328","1,319","543","722","812","672","914","1,208","1,060","1,226","766","1,277","1,216","1,335","517","677","804","602","905","1,161","866","1,182","610","1,214","1,227","1,329","899","715","825","609","1,185","1,175","1,098","742","3","9","16","36","21","42","84","152","252","295","423","632","480","1,031","1,199","1,510","1,002","775","943","737","1,041","1,380","1,092","1,159","790","1,418","1,543","1,494","1,100","953","1,340","851","1,001","1,501","1,258","1,490","863","1,431","1,646","1,727","1,073","1,213","1,111","949","1,213","1,541","1,166","1,460","1,088","1,622","1,613","1,468","1,122","1,078","1,229","888","1,271","1,638","1,357","1,332","912","1,363","1,676","1,461","1,068","598","955","906","996","936","1,747"
"Visitor arrivals","Montana","Hawaii Island","persons","862","795","889","471","318","329","212","248","184","358","471","697","1,058","1,059","775","524","375","371","189","225","199","377","409","707","805","955","976","496","481","452","275","225","269","404","568","591","1,120","971","1,085","654","485","406","235","331","231","466","456","589","1,050","965","1,203","575","440","448","303","277","284","423","515","736","1,116","1,128","763","2","5","9","11","18","13","59","127","220","285","340","692","488","505","493","313","333","275","451","639","783","899","732","1,278","767","423","462","383","445","360","695","641","820","1,202","1,116","1,551","731","613","434","407","327","369","656","645","819","1,142","1,179","1,438","704","540","625","330","468","333","672","679","943","1,412","1,190","1,555","687","776","685","365","435","297","1,995","1,038","401","597","1,603"
"Visitor arrivals","N. Carolina","Hawaii Island","persons","850","778","880","1,068","1,131","1,462","1,270","806","796","942","695","1,175","1,100","735","1,098","913","1,133","1,513","1,284","1,006","983","969","825","1,262","1,152","935","1,049","1,244","1,263","1,919","1,802","1,129","1,008","1,144","932","1,395","1,153","1,027","1,439","1,197","1,305","1,772","1,631","1,006","1,026","982","767","1,176","998","923","985","1,423","1,332","1,605","1,587","1,404","944","950","865","1,456","1,266","1,136","564","0","7","36","22","38","52","107","133","433","352","270","639","600","1,184","1,640","1,834","1,270","883","1,067","953","1,926","1,002","888","1,187","1,672","1,670","2,022","2,183","1,375","1,425","1,414","989","1,636","1,442","1,314","1,525","1,665","1,427","2,035","1,988","1,393","1,360","1,324","1,101","1,636","1,316","1,191","1,504","1,218","1,659","1,979","1,679","1,424","1,338","1,197","1,023","1,801","1,418","1,279","1,779","1,567","1,620","1,780","1,601","1,340","1,017","1,203","476","1,874","1,099","1,300"
"Visitor arrivals","N. Dakota","Hawaii Island","persons","396","218","237","81","86","85","73","47","53","100","120","142","359","510","198","70","56","116","102","46","57","96","112","173","271","265","208","103","119","98","76","84","68","106","137","241","331","281","228","91","116","77","96","80","57","89","119","232","312","223","260","73","101","119","61","97","61","121","88","247","339","346","166","0","1","2","7","2","6","23","15","60","56","64","103","82","107","98","59","69","64","77","131","213","244","177","160","75","136","121","62","47","92","110","99","252","283","347","267","106","169","100","55","78","69","130","151","227","312","304","241","108","82","106","78","71","92","108","127","229","327","268","269","187","152","88","83","88","0","212","93","250","0","428"
"Visitor arrivals","Nebraska","Hawaii Island","persons","575","405","358","229","349","250","362","119","194","276","191","513","827","434","414","246","447","290","308","185","215","251","230","394","562","552","511","257","400","448","434","196","205","276","240","676","637","626","499","235","397","497","363","141","142","257","236","452","534","483","480","164","435","391","414","279","209","213","287","548","640","697","384","2","5","10","19","5","13","15","71","158","132","180","269","142","337","403","404","358","245","265","281","530","511","490","458","375","471","515","433","239","310","389","409","585","739","657","669","290","653","431","508","328","365","367","358","694","726","710","559","321","552","408","431","265","304","296","371","550","842","828","640","343","650","603","529","272","209","177","569","509","1,367","805"
"Visitor arrivals","Nevada","Hawaii Island","persons","1,199","1,048","1,537","1,234","1,367","1,628","1,474","1,159","1,068","1,278","1,078","1,426","1,335","1,148","1,726","1,178","1,287","2,076","1,734","1,369","1,056","1,419","1,222","1,550","1,414","1,164","1,804","1,518","1,409","1,757","1,959","1,136","1,372","1,349","1,447","1,790","1,616","1,166","1,851","1,450","1,678","1,829","1,594","1,199","1,345","1,437","1,490","1,843","1,578","1,463","1,817","1,849","1,955","2,122","2,270","1,440","1,420","1,765","1,919","2,139","1,870","1,678","1,272","35","70","111","150","105","90","281","561","1,005","749","857","1,840","1,289","1,845","2,370","2,501","1,603","1,593","1,934","1,885","2,159","1,759","1,633","2,318","2,427","2,281","2,844","2,822","1,994","2,292","2,746","2,342","2,414","2,102","1,918","3,085","2,091","2,666","2,822","2,676","2,077","2,267","2,123","2,232","2,658","1,948","1,988","2,630","2,204","2,624","2,758","2,780","2,143","2,169","2,501","2,221","2,607","2,107","2,069","3,048","2,001","2,609","2,742","3,013","2,248","3,559","1,921","1,976","1,443","2,279","2,274"
"Visitor arrivals","New Hampshire","Hawaii Island","persons","221","268","194","204","139","226","195","151","119","201","155","172","215","262","185","234","214","149","174","135","184","177","195","202","317","383","233","342","265","259","212","174","179","215","181","219","273","302","231","268","232","197","192","170","179","221","133","184","211","398","207","290","157","154","237","149","205","229","174","239","267","356","148","0","1","1","13","9","9","23","32","67","52","63","69","138","191","184","227","207","158","226","208","224","287","391","235","399","215","291","232","243","243","324","216","244","326","405","266","398","213","228","252","215","222","268","213","216","303","296","220","401","238","305","185","201","216","261","233","317","295","385","363","321","204","224","229","296","120","71","112","893","1,283","607"
"Visitor arrivals","New Jersey","Hawaii Island","persons","1,171","1,002","1,131","1,346","1,146","1,486","2,143","2,663","1,084","1,261","961","1,599","1,334","993","1,264","1,184","1,120","1,571","2,082","2,774","1,210","1,202","1,095","1,691","1,560","1,225","1,207","1,789","1,682","1,769","2,480","2,966","1,205","1,158","1,133","1,705","1,286","1,233","1,595","1,438","1,295","1,205","2,047","2,401","930","1,095","1,170","1,704","1,182","1,006","1,016","1,672","1,301","1,667","2,119","2,995","958","1,200","1,150","2,036","1,364","1,089","505","7","6","22","19","24","42","62","226","590","287","419","638","784","1,227","1,785","2,505","3,136","1,144","1,104","1,178","1,750","1,251","1,074","1,321","2,120","1,446","1,861","2,316","3,094","1,257","1,476","1,225","1,837","1,343","1,153","1,384","1,625","1,297","1,809","2,149","2,918","1,176","1,237","1,118","1,613","1,202","1,076","1,777","1,228","1,343","1,649","1,783","2,724","1,028","1,161","1,307","1,997","1,504","1,241","1,179","1,877","1,370","1,569","2,005","2,673","1,017","1,203","1,507","2,030","926","1,077"
"Visitor arrivals","New Mexico","Hawaii Island","persons","382","349","551","495","541","617","463","276","356","358","294","561","560","435","565","295","662","567","496","334","375","437","453","589","577","489","533","388","641","640","646","291","334","432","403","537","477","384","663","484","655","732","618","350","339","435","422","494","456","397","681","363","747","830","640","441","367","466","402","692","503","477","396","3","4","14","14","10","27","51","47","159","115","146","387","233","730","711","744","476","422","622","587","657","625","517","893","593","800","802","861","653","669","714","508","845","663","573","925","629","1,062","955","805","584","714","687","714","805","665","585","778","567","701","827","846","517","602","659","578","891","732","643","903","597","836","793","868","521","445","296","161","314","244","764"
"Visitor arrivals","New York","Hawaii Island","persons","2,386","2,409","2,588","1,992","2,232","2,314","3,217","4,294","1,738","2,328","1,771","3,325","2,894","2,499","2,354","2,739","2,109","2,508","3,634","4,174","1,939","2,212","1,843","3,979","3,185","3,227","2,972","2,792","2,718","2,929","3,971","4,943","2,072","2,425","2,095","3,991","2,992","3,164","3,484","2,479","2,122","2,258","3,141","3,758","1,702","2,103","1,729","3,443","2,523","2,889","2,484","2,697","2,221","2,206","3,434","4,764","1,915","2,418","2,038","4,063","3,082","3,014","1,327","13","15","90","82","95","96","204","507","1,559","713","975","1,646","1,507","2,573","2,934","4,085","5,444","2,189","2,049","2,029","3,658","2,571","2,902","2,901","3,252","2,606","2,669","3,642","5,035","2,395","2,753","2,084","3,408","3,354","3,022","2,926","2,796","2,319","2,416","3,510","4,878","2,356","2,551","2,197","3,513","2,808","2,871","2,696","2,982","2,407","2,248","3,036","4,292","2,100","2,296","1,930","4,045","3,048","3,139","2,941","3,022","2,595","2,256","3,083","4,288","2,304","2,476","2,914","3,557","3,817","3,219"
"Visitor arrivals","Ohio","Hawaii Island","persons","1,528","1,539","1,452","1,268","1,479","1,809","1,540","844","1,114","1,278","872","1,426","1,594","1,495","1,439","1,268","1,447","1,877","1,734","986","1,344","1,399","944","1,559","1,595","1,542","1,656","1,388","1,910","2,401","1,903","1,059","1,287","1,366","1,106","1,590","1,673","1,831","2,104","1,388","1,729","2,357","1,864","1,218","1,117","1,149","1,062","1,378","1,587","1,412","1,806","1,047","1,753","2,325","1,974","1,394","1,187","1,283","1,103","1,610","1,787","1,771","870","8","21","14","29","25","20","81","168","423","347","403","725","710","1,385","2,190","1,919","1,388","1,139","1,173","1,110","1,620","1,494","1,349","1,701","1,513","1,946","2,657","2,238","1,549","1,618","1,732","1,308","1,780","1,799","1,837","2,001","1,690","2,075","2,680","2,237","1,505","1,852","1,619","1,399","1,921","1,803","1,742","2,082","1,676","2,276","2,757","2,317","1,347","1,499","1,473","1,277","1,952","2,169","1,936","2,152","1,598","1,910","2,727","2,330","1,398","2,035","1,415","1,046","2,061","1,513","2,555"
"Visitor arrivals","Oklahoma","Hawaii Island","persons","425","321","538","294","526","671","642","286","402","392","291","389","439","368","305","316","665","614","595","368","352","362","263","481","517","336","476","333","730","825","794","368","495","440","345","530","466","429","538","397","700","711","746","337","385","369","401","487","399","363","562","295","720","695","717","502","451","445","341","541","420","465","400","1","7","4","13","8","24","38","102","167","134","161","344","261","712","690","707","388","369","447","404","560","451","358","597","399","811","772","733","411","489","558","470","582","591","530","635","495","900","840","879","538","584","578","538","686","592","540","674","514","995","928","834","476","466","614","529","695","658","526","570","509","901","772","889","480","479","71","439","0","1,046","512"
"Visitor arrivals","Oregon","Hawaii Island","persons","5,360","4,652","5,477","3,334","2,910","3,341","2,561","3,017","2,556","3,573","4,560","5,010","5,214","5,067","5,568","3,567","2,816","3,516","2,862","3,110","2,624","3,430","5,196","5,265","5,420","5,217","6,144","3,836","3,656","4,010","3,641","3,686","3,010","4,109","5,513","5,912","6,492","5,789","6,479","4,794","4,181","3,750","3,496","3,785","2,881","3,461","5,067","5,795","6,223","5,665","7,014","4,258","4,306","3,823","3,441","3,706","3,013","3,623","5,572","5,891","6,270","5,902","3,272","27","53","111","158","166","168","562","1,559","2,529","2,325","3,317","5,754","4,526","4,650","5,093","4,805","5,426","3,081","4,140","5,537","6,084","5,757","5,570","7,387","5,166","5,182","4,471","4,589","4,840","3,556","5,174","5,657","5,518","7,146","6,048","7,569","4,880","5,123","5,105","4,629","5,940","4,790","5,493","5,810","6,189","6,520","6,081","6,690","4,912","3,985","4,831","4,760","5,471","4,436","5,295","6,328","6,270","6,861","6,437","7,068","4,517","3,671","4,974","4,288","4,752","5,783","8,200","5,973","16,561","12,850","7,379"
"Visitor arrivals","Pennsylvania","Hawaii Island","persons","1,499","1,603","1,570","1,383","1,600","1,937","1,970","1,632","1,057","1,421","901","1,518","1,662","1,343","1,274","1,359","1,365","1,932","2,005","1,624","1,463","1,329","1,076","1,549","1,722","1,803","1,442","1,430","1,798","2,356","2,348","1,855","1,252","1,493","1,119","1,503","1,757","1,816","1,795","1,411","1,599","2,178","1,984","1,612","1,048","1,106","1,110","1,458","1,533","1,491","1,317","1,236","1,405","1,984","2,132","2,101","1,115","1,434","1,121","1,646","1,652","1,596","739","4","10","29","39","42","55","69","184","415","311","379","591","549","1,075","1,925","2,145","1,953","1,094","1,212","1,098","1,533","1,418","1,425","1,432","1,514","1,793","2,664","2,336","2,287","1,549","1,601","1,258","1,630","1,779","1,730","1,819","1,681","1,795","2,650","2,542","2,053","1,515","1,623","1,285","1,698","1,664","1,561","1,797","1,452","1,838","2,526","1,929","1,799","1,393","1,574","1,194","1,680","1,983","1,720","1,432","1,718","1,472","2,169","1,988","1,713","1,257","1,946","1,347","1,745","2,818","2,452"
"Visitor arrivals","Rhode Island","Hawaii Island","persons","123","149","105","87","81","164","163","86","75","100","69","123","139","109","103","107","71","116","108","95","126","88","99","127","152","145","142","151","90","100","147","115","86","139","108","152","122","158","138","151","133","119","129","117","98","79","70","111","148","103","105","97","100","150","113","115","36","109","82","172","125","160","82","1","1","5","2","5","2","6","10","30","18","32","65","87","98","122","175","154","67","127","114","174","131","179","156","172","129","110","164","175","106","169","100","117","222","152","137","174","94","182","149","138","114","149","134","128","181","171","134","130","122","112","141","171","123","120","103","194","202","169","133","219","119","131","207","137","0","35","37","0","458","335"
"Visitor arrivals","S. Carolina","Hawaii Island","persons","330","344","326","379","496","494","611","293","320","457","299","420","454","331","411","407","471","696","608","344","397","388","321","535","432","429","350","557","605","756","606","480","389","456","367","482","522","501","753","540","588","691","620","386","318","459","265","493","534","427","480","563","548","826","795","616","401","406","346","493","538","470","182","0","5","15","17","20","4","41","70","176","119","88","163","364","484","639","738","395","329","370","425","536","473","357","507","651","812","836","717","450","565","567","444","653","650","498","616","669","729","908","951","560","610","613","481","643","612","569","568","633","820","1,028","723","544","543","620","535","617","664","567","691","680","663","758","747","474","449","637","554","576","296","924"
"Visitor arrivals","S. Dakota","Hawaii Island","persons","494","269","227","97","137","88","75","86","63","122","148","231","359","398","151","119","154","102","92","66","98","100","102","322","367","387","205","126","123","205","87","67","81","127","112","200","405","331","320","104","137","94","150","101","103","114","138","297","390","361","187","144","159","82","117","113","76","102","130","251","412","388","146","0","1","6","5","2","2","10","27","52","79","62","98","89","121","142","106","109","81","116","170","195","332","228","217","145","157","159","121","145","158","189","168","235","445","371","374","200","219","155","155","113","119","157","246","372","321","343","352","174","277","141","83","147","129","180","181","256","439","480","308","235","210","205","186","129","90","71","212","63","107","259"
"Visitor arrivals","Tennessee","Hawaii Island","persons","605","516","681","508","1,039","901","798","433","459","661","367","779","753","486","570","530","993","931","807","495","697","767","502","746","677","894","896","674","1,100","1,221","981","583","661","782","478","743","772","680","817","771","1,164","1,169","739","542","574","789","458","757","765","541","944","593","1,278","1,199","926","688","591","848","506","901","789","815","547","5","8","7","18","22","19","46","95","219","171","222","502","358","853","1,367","902","620","581","787","597","849","717","659","956","735","1,568","1,358","1,016","733","963","1,155","709","1,174","1,147","960","1,228","839","1,600","1,735","1,330","816","1,026","1,076","795","1,140","938","806","1,135","982","1,422","1,544","1,221","735","1,058","1,183","776","1,121","1,166","954","1,369","857","1,521","1,686","1,201","693","568","1,097","416","1,720","1,366","717"
"Visitor arrivals","Texas","Hawaii Island","persons","2,990","2,481","4,664","3,158","4,497","7,641","6,476","4,562","3,217","3,325","3,104","4,499","3,423","2,853","3,973","3,541","4,311","6,661","6,695","4,099","3,445","3,400","3,276","4,770","3,538","2,780","4,889","3,029","5,269","8,158","7,888","4,403","3,378","3,827","3,566","5,502","3,624","3,462","4,865","3,978","5,214","7,611","7,648","4,698","3,387","3,324","3,458","4,887","3,003","3,121","5,370","3,193","6,136","9,083","8,269","5,868","3,607","3,960","3,757","5,831","4,214","3,662","4,051","20","64","95","168","153","197","337","878","2,226","1,161","1,477","4,043","2,692","5,675","8,614","9,388","5,419","4,397","4,265","4,885","6,562","4,210","4,109","6,504","4,150","7,764","9,501","9,598","6,113","5,441","6,193","4,978","6,999","5,011","4,238","6,808","4,578","7,595","10,006","10,457","6,859","5,687","5,451","5,185","7,458","4,738","4,397","6,140","5,061","7,649","9,226","9,602","5,962","5,032","5,810","5,409","7,058","5,171","4,640","6,215","3,899","7,100","8,839","9,484","5,900","2,364","2,724","1,849","6,279","6,792","5,328"
"Visitor arrivals","Utah","Hawaii Island","persons","1,755","1,571","1,905","1,544","1,649","1,515","1,335","990","924","1,358","1,229","1,461","1,932","1,701","1,728","1,620","1,594","1,706","1,567","1,357","1,087","1,801","1,349","1,708","2,058","1,941","2,009","1,819","1,850","1,887","1,651","1,367","1,186","1,555","1,719","1,673","2,523","1,941","2,276","2,045","2,067","2,114","1,804","1,506","1,217","1,546","1,767","1,975","2,469","2,003","2,555","1,905","2,103","2,154","1,995","1,721","1,490","2,062","1,833","2,274","2,844","2,619","1,393","25","35","87","136","75","52","230","585","1,232","1,120","1,832","2,715","2,555","2,667","2,819","2,288","1,943","1,616","2,099","2,254","2,258","3,046","2,448","2,515","3,018","3,208","2,517","2,566","2,246","2,131","3,321","2,467","2,599","3,440","2,544","3,273","2,903","3,370","2,909","2,752","2,557","2,194","3,287","2,686","3,248","3,964","2,738","3,180","3,885","3,356","3,025","2,719","2,204","2,099","2,932","2,771","2,973","3,440","2,967","4,149","3,356","3,584","3,133","2,971","2,322","1,928","2,438","626","1,373","1,300","2,909"
"Visitor arrivals","Vermont","Hawaii Island","persons","152","203","132","130","64","116","71","68","65","116","75","131","154","163","114","135","57","70","105","86","84","88","86","162","160","204","134","126","124","80","107","74","98","100","95","107","145","225","142","173","84","100","94","49","63","113","70","117","121","171","93","148","71","84","82","49","90","90","104","129","161","255","104","2","0","0","9","2","1","10","48","16","36","62","35","88","74","109","125","90","79","100","140","122","135","235","145","239","85","104","106","84","65","146","124","129","175","271","177","180","100","98","103","91","131","147","144","104","170","190","129","175","93","88","102","107","85","117","122","100","189","279","139","159","89","99","100","97","0","71","394","627","0","219"
"Visitor arrivals","Virginia","Hawaii Island","persons","1,318","1,150","1,399","1,105","1,320","1,654","2,045","1,889","989","1,228","1,090","1,681","1,332","1,180","1,372","1,023","1,360","1,789","2,062","1,809","1,212","1,282","1,057","1,984","1,387","1,283","1,224","1,628","1,505","2,034","2,221","2,099","1,248","1,436","1,092","2,233","1,474","1,444","1,734","1,330","1,439","2,106","2,227","1,751","1,025","1,251","1,225","1,923","1,251","1,084","1,325","1,679","1,427","2,079","2,279","2,075","1,027","1,292","1,170","2,308","1,620","1,400","592","1","13","51","48","51","42","68","198","458","283","288","688","641","1,148","1,641","2,109","2,063","960","1,047","1,042","2,262","1,198","1,064","1,487","1,657","1,707","2,613","2,744","2,049","1,455","1,511","1,237","2,304","1,559","1,473","1,621","1,562","1,513","2,364","2,338","1,852","1,411","1,409","1,270","2,512","1,465","1,146","1,684","1,318","1,521","2,244","2,262","1,620","1,156","1,480","1,175","2,239","1,511","1,355","1,561","1,800","1,703","2,714","2,347","1,707","1,047","778","2,327","2,283","2,456","1,195"
"Visitor arrivals","Washington","Hawaii Island","persons","8,797","10,079","8,777","9,832","6,469","6,197","5,559","6,553","5,168","7,022","8,991","10,336","8,894","10,276","8,629","10,306","6,510","6,697","5,903","6,982","5,532","7,503","9,174","11,564","10,034","11,704","10,457","11,851","7,786","7,214","7,372","8,214","6,029","7,964","10,387","12,677","11,118","13,381","11,845","12,895","8,043","7,101","7,429","7,821","6,068","7,680","10,497","13,080","10,820","12,803","11,454","11,699","8,571","7,569","7,991","9,208","6,047","8,511","10,416","13,140","11,021","13,741","6,229","103","153","279","335","388","272","1,358","3,930","5,906","4,787","8,587","9,051","13,574","9,929","10,405","9,790","11,003","6,295","8,658","11,456","13,518","9,996","11,844","10,328","14,516","10,124","9,036","9,866","11,515","8,209","10,314","11,063","13,154","12,984","14,424","12,876","15,299","10,455","9,928","9,856","12,846","9,539","11,879","11,921","14,911","11,237","13,771","13,312","13,142","9,061","9,700","10,354","12,287","8,698","10,495","12,139","14,872","12,791","14,159","11,341","14,142","8,810","9,266","8,868","12,099","13,345","24,970","7,215","13,652","10,725","12,186"
"Visitor arrivals","Washington, D.C.","Hawaii Island","persons","177","133","217","114","174","179","196","285","103","104","168","326","150","171","173","117","180","180","204","312","171","203","145","317","204","191","203","171","220","193","235","315","136","201","147","399","250","154","225","149","188","221","211","265","140","131","180","383","182","183","194","194","195","249","205","351","141","208","216","357","208","189","106","0","1","8","1","3","5","20","37","106","53","96","104","131","201","253","290","362","193","178","229","395","205","250","255","217","243","177","263","324","114","187","202","327","232","237","215","223","206","197","280","364","134","162","154","351","225","186","202","165","204","232","219","249","141","173","198","413","304","244","207","235","181","240","225","329","120","212","268","125","161","216"
"Visitor arrivals","W. Virginia","Hawaii Island","persons","112","106","88","98","116","154","134","52","71","86","63","107","134","107","96","103","98","168","116","76","76","88","71","91","126","116","129","103","136","157","151","71","134","142","106","102","114","105","140","156","147","235","174","115","52","125","64","155","113","83","103","114","151","214","231","123","67","106","86","101","105","111","53","0","0","2","3","3","4","3","15","23","22","17","37","43","100","138","165","96","68","48","104","91","93","77","99","100","191","174","146","102","119","86","92","119","158","134","139","138","167","229","185","131","149","106","106","109","133","80","139","89","168","141","157","210","103","117","129","99","134","135","129","112","173","165","209","130","60","0","75","697","0","165"
"Visitor arrivals","Wisconsin","Hawaii Island","persons","1,753","1,741","1,490","901","635","667","620","537","425","719","690","983","1,971","1,679","2,163","735","710","942","617","618","630","825","838","1,167","1,793","1,831","1,765","941","631","900","674","775","486","924","769","1,183","2,167","1,897","2,312","920","713","1,016","770","727","506","802","732","1,104","2,121","1,671","1,806","947","751","943","658","914","517","892","721","1,221","2,280","2,036","901","1","7","7","29","16","22","66","138","410","410","548","1,296","523","763","1,077","911","1,182","585","909","989","1,569","2,121","1,857","2,223","893","970","1,327","997","1,212","938","1,396","1,027","1,324","2,576","2,244","2,294","1,284","794","1,218","984","1,102","821","1,086","1,108","1,463","2,517","2,322","2,671","1,187","1,036","1,187","999","1,125","912","1,205","1,006","1,679","3,047","2,287","2,463","1,126","913","1,296","957","1,150","868","531","1,957","1,137","2,375","3,135"
"Visitor arrivals","Wyoming","Hawaii Island","persons","254","185","446","212","154","166","139","110","46","174","175","242","297","212","402","152","146","185","129","123","65","151","225","235","253","180","418","246","189","193","139","97","113","148","214","276","303","250","424","233","185","184","132","164","81","149","198","233","262","188","492","201","192","256","128","179","96","161","241","328","325","222","186","0","2","6","7","9","12","8","72","100","75","88","444","208","200","247","181","173","87","146","311","251","258","203","510","248","164","203","196","224","160","283","231","305","383","343","535","253","313","281","176","169","176","177","300","371","345","229","583","317","307","249","192","148","141","215","338","359","408","328","608","275","257","252","201","198","0","296","488","187","279","375"

"Data is updated monthly by the Research & Economic Analysis Division, State of Hawaii Department of Business, Economic Development and Tourism (DBEDT)"
"Source of Data: Hawaii Tourism Authority"
"Seasonally adjusted series are from DBEDT"
"Hotel performance data prior to March 2017 are from Hospitality Advisors, LLC."